"","SEBASTIAN.PIÑERA.ECHENIQUE","ALEJANDRO..GUILLIER.ALVAREZ"
"CAROLINA GOIC BOROEVIC",0.0676735773231646,0.932216628566322
"JOSE ANTONIO KAST RIST",0.888325282050391,0.110020834357204
"SEBASTIAN PIÑERA ECHENIQUE",0.986817422202972,0.012015723165176
"ALEJANDRO  GUILLIER ALVAREZ",0.141595674236165,0.858350652270963
"BEATRIZ SANCHEZ MUÑOZ",0.167899015332464,0.830322527818679
"MARCO  ENRIQUEZ-OMINAMI GUMUCIO",0.701128698190663,0.29876354926865
"EDUARDO ARTES BRICHETTI",0,0
"ALEJANDRO NAVARRO BRAIN",0,0
