political,year
3.5543276153300054,2004
3.417359396416711,2008
4.116795685217427,2012
4.661367612237253,2016
5.7037922862422885,2020
